GM_NAAM,GM_CODE,AANT_INW,city_name,separation,intensity,scale,scale_rel,share_NW_c,Gini,aspect_ratio,aspect_ratio_fin
Schiermonnikoog,GM0088,941,Schiermonnikoog,0.0,0.0,0,0.0,0.0011904761904761,0.3,0.288586862635373,2.0811188811188814
Terschelling,GM0093,4859,Terschelling,0.0,0.0,0,0.0,0.0019697964543663,0.35,0.8408993254841195,1.3133534442316928
Vlieland,GM0096,1085,Vlieland,0.0,0.0,0,0.0,0.0028901734104046,0.39,0.5427630906050612,1.8424244708408968
Ameland,GM0060,3633,Ameland,53.846153846153896,6.42592789986338,64,1.87189236618894,0.0038022813688212,0.25,0.229600787012969,2.0811188811188814
Grootegast,GM0015,12166,Grootegast,0.0,0.0,0,0.0,0.0045624222314392,0.22,0.8821998255757564,1.3142888098798715
Korendijk,GM0588,10959,Korendijk,0.0,0.0,0,0.0,0.0058790593505039,0.25,0.9866990000605296,1.316087196467991
Menameradiel,GM1908,13454,Menameradiel,13.7931034482759,8.852702246555259,80,0.60629026146267,0.0065934065934065,,1.010536190182875,1.3160871964679914
Borger_Odoorn,GM1681,25355,Borger Odoorn,0.0,0.0,0,0.0,0.0073597426100945,0.24,0.9749959290029804,1.3160871964679917
Simpelveld,GM0965,10571,Simpelveld,0.0,0.0,0,0.0,0.0074880871341048,0.23,1.280991433424407,1.316087196467991
Boekel,GM0755,10414,Boekel,0.0,0.0,0,0.0,0.0085230024213075,0.24,0.5680371761348673,1.7604481572920383
Marum,GM0025,10388,Marum,53.8461538461538,3.42583781433048,767,7.54772682542807,0.0089549301318638,0.25,1.0293094227222934,1.3160871964679914
De_Wolden,GM1690,23744,De Wolden,0.0,0.0,0,0.0,0.0093999484934329,0.26,0.973561322244996,1.3160759969078533
Ten_Boer,GM0009,7288,Ten Boer,0.0,0.0,0,0.0,0.0094164645455842,0.23,0.9156564577453494,1.3149846665088925
Mill_en_Sint_Hubert,GM0815,10807,Mill en Sint Hubert,0.0,0.0,0,0.0,0.0094295143800094,0.24,1.05533316452826,1.3160871964679914
Twenterand,GM1700,33845,Twenterand,43.0769230769231,2.15842651206732,4249,12.603446741613,0.0096401981431495,0.23,0.6776284280721808,1.4757350172644765
Aa_en_Hunze,GM1680,25286,Aa en Hunze,0.0,0.0,0,0.0,0.0096669374492282,0.26,1.0099320141345354,1.3160871964679914
Tubbergen,GM0183,21153,Tubbergen,50.2439024390244,2.88500063920826,2304,11.1148632350813,0.0098895267499638,0.24,0.8680972661975136,1.3139794245917351
Bronckhorst,GM1876,36410,Bronckhorst,0.0,0.0,0,0.0,0.0099721448467966,0.27,0.7495597661785791,1.3341164308994602
Achtkarspelen,GM0059,27893,Achtkarspelen,46.570397111913394,2.50838737184859,3484,12.647934364335999,0.0100559064836999,0.23,0.9716940096801588,1.3160428333390528
Slochteren,GM0040,14737,Slochteren,0.0,0.0,0,0.0,0.0102096378981758,,0.9428845252994806,1.315514528571975
Woudrichem,GM0874,14539,Woudrichem,0.0,0.0,0,0.0,0.010244895095081,0.26,0.7555020630487176,1.3236231228339028
Gulpen_Wittem,GM1729,14337,Gulpen Wittem,17.9310344827586,32.590417777271306,46,0.32672775055046,0.0102990269195255,0.25,0.9474311583573995,1.315600039340822
Goeree_Overflakkee,GM1924,48653,Goeree Overflakkee,0.0,0.0,0,0.0,0.010381060893784,0.26,0.5674728460906993,1.7621988556614907
Loppersum,GM0024,9914,Loppersum,19.6078431372549,9.48494625280321,171,1.7536662906368599,0.0104604655932724,0.25,0.8790416187084583,1.3142203870162952
Staphorst,GM0180,16691,Staphorst,84.39306358381499,2.23828298766802,4557,27.556388704118,0.0104613896111749,0.24,0.7674529085239934,1.3114413382907577
Oldebroek,GM0269,23256,Oldebroek,0.0,0.0,0,0.0,0.0106494413407821,0.24,1.0948621167970738,1.3160871964679914
Urk,GM0184,20220,Urk,28.638497652582203,4.41781836085766,505,2.52676873811668,0.0106574602221555,0.24,0.8489588380071714,1.313543121468344
Dalfsen,GM0148,28070,Dalfsen,0.0,0.0,0,0.0,0.0106836827711941,0.24,1.281435741359553,1.3160871964679908
De_Marne,GM1663,10088,De_Marne,60.377358490566,5.74862992582022,182,1.87570854374936,0.010924456353705,0.25,0.5489067971516314,1.8218029093266217
Kollumerland_en_Nieuwkruisland,GM0079,12872,Kollumerland en Nieuwkruisland,71.0144927536232,3.51553345337103,1699,13.4926937738247,0.0109593392630241,0.23,0.767483376137265,1.3114422073608374
Buren,GM0214,26348,Buren,0.0,0.0,0,0.0,0.0109860248447204,0.27,0.5262949609679811,1.9000751938813225
Dantumadiel,GM1891,18942,Dantumadiel,31.4009661835749,5.63076520836743,726,3.8894246223079403,0.011089681774349,0.24,0.8579615881406325,1.3137507838333857
Bergeijk,GM1724,18342,Bergeijk,75.1243781094527,1.34821098053814,5795,32.0466736714041,0.0111154122656638,0.25,0.9426158061350656,1.3155094488201875
Renswoude,GM0339,5101,Renswoude,87.5,6.11323957661036,398,7.9346092503987204,0.011164274322169,0.29,1.5940349627941943,1.237431487328162
Zederik,GM0707,13842,Zederik,17.6470588235294,6.9235077198056105,158,1.17019700785069,0.0113316545696933,0.26,0.96844500087266,1.3159848259284956
Zwartewaterland,GM1896,22309,Zwartewaterland,39.5161290322581,4.365097693305571,828,3.7889534617672602,0.011348556262298,0.25,0.9540518810236872,1.3157231010147412
Aalburg,GM0738,13067,Aalburg,50.3355704697987,3.88949511360898,919,7.175202998126171,0.0116333541536539,0.26,0.8000699893808633,1.3123338264254198
Sint_Anthonis,GM1702,11595,Sint Anthonis,59.848484848484894,5.46722536216264,980,8.65265760197775,0.0116546000353169,0.27,0.9391839782261658,1.3154443194038692
Zuidhorn,GM0056,18859,Zuidhorn,39.3518518518518,3.8848936258354296,1281,6.938952386111261,0.0117003412599534,0.24,0.7762223806849329,1.3116886659198634
Hilvarenbeek,GM0798,15283,Hilvarenbeek,0.0,0.0,0,0.0,0.0122252655488008,0.26,0.9278995934687628,1.3152267672920555
Drimmelen,GM1719,26869,Drimmelen,23.987538940809998,4.99857786064606,1132,4.32936857000803,0.012276743029793,0.25,1.0634471960154994,1.316087196467991
Bergen_L,GM0893,13095,Bergen L,71.875,6.52601425705301,960,7.48888368827522,0.012481472813792,0.23,1.1569977129741618,1.316087196467991
Cromstrijen,GM0611,12797,Cromstrijen,0.0,0.0,0,0.0,0.0125384433404305,0.27,0.9470869227231082,1.3155935938588297
Werkendam,GM0870,26844,Werkendam,17.6119402985075,5.54399278081802,636,2.4204597351195,0.0127492769066829,0.25,0.575805845330793,1.7366965064856408
Giessenlanden,GM0689,14596,Giessenlanden,0.0,0.0,0,0.0,0.0128089105464671,0.29,0.8610050795273844,1.313820004471162
Ooststellingwerf,GM0085,25540,Ooststellingwerf,63.7770897832817,4.84461791245748,2327,9.36117145385791,0.0129938048113283,0.24,0.8176731641669123,1.312785911692151
Someren,GM0847,19036,Someren,51.028806584362094,4.63599194452585,1806,9.68468468468468,0.013030888030888,0.27,1.7076790013127894,1.1539341601708617
West_Maas_en_Waal,GM0668,18820,West Maas en Waal,0.0,0.0,0,0.0,0.0131165311653116,0.26,0.6462809764937745,1.5473146144966758
Strijen,GM0617,8785,Strijen,93.0434782608696,0.57237260930658,3832,43.7892812250029,0.013141355273683,0.25,1.0440052833133064,1.3160871964679914
Maasgouw,GM1641,23774,Maasgouw,34.824281150159706,5.1751574028302505,937,4.09993874157697,0.013695633149558,0.24,1.2610071456267202,1.3160871964679914
Eijsden_Margraten,GM1903,25297,Eijsden Margraten,22.0588235294118,47.530964800917204,118,0.47605599709525,0.013716867712914,0.25,0.8699576528506013,1.3140208125298607
Dongeradeel,GM0058,23901,Dongeradeel,52.2012578616352,4.9363357502866005,1925,8.34923664122137,0.0137925052047189,0.23,0.8505027664958262,1.3135790468916326
Littenseradiel,GM0140,10746,Littenseradiel,51.048951048951096,10.3793922362151,254,2.47490987040826,0.0139335476956055,,0.8114795819914254,1.3126290844012944
Elburg,GM0230,23026,Elburg,70.253164556962,1.12191437160219,8431,37.3764241698807,0.0140089550915458,0.23,1.0985543573612129,1.316087196467991
Haaren,GM0788,13912,Haaren,0.0,0.0,0,0.0,0.0141020932794711,0.3,0.7910451721667965,1.3120942488158251
Veere,GM0717,21900,Veere,23.9864864864865,13.6868924646345,350,1.68674698795181,0.0142650602409638,0.26,0.9777085859776998,1.3160871964679912
Meerssen,GM0938,19072,Meerssen,86.0902255639098,1.26410858373048,10048,54.1262658909718,0.0143288084464555,0.27,1.3580959804521031,1.3160871964679914
Nederweert,GM0946,16864,Nederweert,71.8487394957983,2.35294564598441,3684,22.239661937820703,0.0143676426199818,0.24,0.7549850638530194,1.3245295143940492
Laarbeek,GM1659,21942,Laarbeek,57.9617834394904,3.16642643825574,3150,14.4449030127941,0.0143990461778328,0.25,0.7833661455541163,1.3118860505216248
Molenwaard,GM1927,29212,Molenwaard,36.4705882352941,3.1319669114427304,2077,7.06174350605195,0.0144498844009247,0.27,0.5508165369118648,1.8154865240729112
Oirschot,GM0823,18499,Oirschot,88.3458646616541,1.17896061135407,9554,52.059721011333906,0.0144943330427201,0.26,1.020914452682649,1.316087196467991
Heeze_Leende,GM1658,15714,Heeze Leende,75.6637168141593,1.22690803502967,5375,34.5481424347603,0.0145262887260573,0.26,1.1241978180667274,1.3160871964679914
Rijnwaarden,GM0196,10852,Rijnwaarden,61.8421052631579,2.8148593426646498,1160,11.0909264748064,0.0145329381394014,,0.6771543153308784,1.476768259996053
Menterwolde,GM1987,12162,Menterwolde,32.5581395348837,8.148658980997329,254,2.14962762356127,0.0145565335138794,,1.121934091663877,1.3160871964679912
Voerendaal,GM0986,12462,Voerendaal,83.0508474576271,0.64782656262945,6765,55.7800131926121,0.014594327176781,0.25,0.9554450125120864,1.315748778441322
Westerveld,GM1701,19084,Westerveld,45.3874538745387,26.967172905625098,210,1.13170942013365,0.0146044406122009,0.26,0.90986185432876,1.3148678100356102
Onderbanken,GM0881,7865,Onderbanken,43.859649122807,8.94428894554837,195,2.53510140405616,0.0148205928237129,0.23,0.5466440576373225,1.82934395065438
Neder_Betuwe,GM1740,23303,Neder Betuwe,51.603498542274096,4.40279909334638,1510,6.55951346655083,0.014900086880973,0.25,0.409752378127684,2.081118881118881
Schouwen_Duiveland,GM1676,33765,Schouwen Duiveland,56.276150627615095,2.29565868344564,7138,22.2992814745392,0.0149328334895345,0.28,0.5270941756347982,1.8971941755866768
Dinkelland,GM1774,26244,Dinkelland,50.2604166666667,7.82989752795586,1562,6.07569333696371,0.0149364035940721,0.24,1.0390586758516436,1.3160871964679914
Borsele,GM0654,22688,Borsele,0.0,0.0,0,0.0,0.0149931224209078,0.24,0.8196993327880073,1.3128367017066214
Hellendoorn,GM0163,35772,Hellendoorn,43.796992481203,9.08798982258643,919,2.59223739140246,0.0150062055737334,0.23,0.8983735161853903,1.314631674205895
Ferwerderadiel,GM1722,8735,Ferwerderadiel,76.5625,2.5304908230331,1661,19.5572824679148,0.0150712351348169,0.25,0.7316387135079673,1.3667948148961784
Franekeradeel,GM0070,20215,Franekeradeel,80.93645484949829,1.4435233743792,8553,43.7024168412447,0.015277706811098,,1.231175921360449,1.3160871964679914
Opsterland,GM0086,29718,Opsterland,50.0,2.42783584300433,4673,15.945540162424098,0.0152869719511362,0.25,0.6798088277280229,1.4710017864023366
Rucphen,GM0840,22345,Rucphen,63.4730538922156,1.7540736506769399,5642,25.952161913523504,0.0153633854645814,0.25,0.982002740520761,1.316087196467991
Heerde,GM0246,18561,Heerde,0.0,0.0,0,0.0,0.0154005788870078,0.25,0.8949320878606107,1.3145597576657302
Eersel,GM0770,18554,Eersel,65.034965034965,5.66235877144929,1733,9.41694288974624,0.0155409444112372,0.31,1.588774584107437,1.2415856823279308
Maasdriel,GM0263,24250,Maasdriel,44.686648501362406,3.17841359743282,3077,13.0785905555319,0.015599098907638,0.27,0.693632312470075,1.4416860085986005
Winsum,GM0053,13596,Winsum,64.9038461538461,3.2436540973447503,1917,14.4167857411446,0.0156426261562758,0.25,1.8403268440041705,1.069517340239852
Horst_aan_de_Maas,GM1507,42139,Horst aan de Maas,45.8270106221548,5.22179321831859,4206,10.187966282337001,0.0159626005232051,0.25,0.7762639373797119,1.31168982465054
Ommen,GM0175,17531,Ommen,81.7204301075269,3.68881387713359,4193,24.0258996103598,0.0159867063946825,0.26,0.931296197803686,1.3152928051872501
Bernheze,GM1721,30253,Bernheze,79.4491525423729,2.19756571741467,11786,39.9633798996338,0.0160043401600434,0.26,1.034281944087067,1.316087196467991
Sint_Michielsgestel,GM0845,28584,Sint Michielsgestel,14.888888888888898,7.32480360064556,447,1.59494754870477,0.0160565189466923,0.27,1.0615839665705535,1.3160871964679914
Hardenberg,GM0160,60211,Hardenberg,64.3459915611814,1.5446646098474701,18016,30.5433584809697,0.0160718826820378,0.23,0.7366210117593729,1.3575501975046338
Wierden,GM0189,24225,Wierden,77.0025839793282,4.548602005248769,3516,14.6664998122888,0.0161431610561882,0.25,1.474344765274588,1.3160871964679914
Hollands_Kroon,GM1911,47600,Hollands_Kroon,32.6666666666667,3.7333290968223403,3464,7.46632180191831,0.0161655350792111,0.24,1.1813224193455945,1.3160871964679914
"Nuenen,_Gerwen_en_Nederwetten",GM0820,22866,Nuenen Gerwen en Nederwetten,39.8351648351648,3.72217250678327,1610,7.24083651900157,0.0163705869125252,0.27,1.653683948889363,1.1921748055966237
Reusel_De_Mierden,GM1667,12908,Reusel De Mierden,71.2918660287081,1.6803354524622,2206,17.580490914886802,0.0166560408033152,0.24,1.454323660553038,1.3160871964679914
Koggenland,GM1598,22522,Koggenland,0.0,0.0,0,0.0,0.0169881038211968,0.24,0.9756228766189524,1.3160871964679914
Nuth,GM0951,15305,Nuth,84.6153846153846,3.3738922859606704,4425,29.1713362779353,0.0171402201859054,0.25,0.6798099852793035,1.4709992816435973
Putten,GM0273,24428,Putten,74.2092457420925,2.05651628096347,6690,27.965889139703997,0.0171808377225984,0.29,0.6956779161944626,1.4374468079571328
Alphen_Chaam,GM1723,10058,Alphen Chaam,28.0701754385965,5.59007626234459,504,5.06991248365356,0.0172014887838245,0.27,0.5997621569190137,1.667327603890538
Eemsmond,GM1651,15656,Eemsmond,47.8927203065134,6.8869623897798204,1158,7.685670671002851,0.0173226256056281,0.25,0.7158425165822543,1.3969553034855178
Olst_Wijhe,GM1773,17957,Olst Wijhe,74.8366013071895,3.65316568372585,4705,26.6602447869447,0.01733907524932,0.26,1.5035359648649915,1.3129515083766108
Drechterland,GM0498,19384,Drechterland,36.6071428571429,2.8743801323801996,1338,6.953900524920741,0.0174627098383659,0.25,0.9295481915748972,1.3152588801515657
Opmeer,GM0432,11420,Opmeer,33.1658291457286,3.72929664596718,805,7.088139473452499,0.0175222329840626,0.24,1.2147604653755386,1.3160871964679914
Landerd,GM1685,15332,Landerd,13.0597014925373,21.0641672732815,100,0.6568575932737699,0.0176037834997372,0.27,1.0455637311381036,1.316087196467991
Berkelland,GM1859,44238,Berkelland,0.0,0.0,0,0.0,0.0176089831334245,0.23,0.7375188790414583,1.3558974941762636
Scherpenzeel,GM0279,9704,Scherpenzeel,20.1183431952663,7.416485208208661,151,1.57422852376981,0.0176188490408673,0.23,0.8431825657966269,1.3134075474473978
Noord_Beveland,GM1695,7382,Noord Beveland,47.9338842975207,1.57468662496353,1482,21.581476627348202,0.0176205038590359,0.25,0.4864538068933509,2.055693646199048
Gemert_Bakel,GM1652,30024,Gemert Bakel,73.8878143133462,3.29279860520649,6172,21.0929223198114,0.0176685690851303,0.25,0.908179292550612,1.3148335994078526
Bedum,GM0005,10479,Bedum,96.195652173913,1.74470782589741,4314,42.022209234365896,0.017923241768946,0.23,1.5766830437429131,1.251239630097793
Schinnen,GM0962,12954,Schinnen,46.9565217391304,76.9471911163759,103,0.8071467753310799,0.0180236658569077,0.25,0.8405189663219138,1.3133444027535295
Valkenburg_aan_de_Geul,GM0994,16440,Valkenburg aan de Geul,67.5675675675676,1.50627279371834,5608,34.326987819061,0.0181183815878068,0.26,0.7131304272787734,1.4022680308508066
Oldambt,GM1895,38108,Oldambt,0.0,0.0,0,0.0,0.0181282883079355,0.23,1.144408350450831,1.3160871964679912
Sluis,GM1714,23658,Sluis,16.6666666666667,7.41778510161393,736,3.3195020746888,0.018130976005773,0.27,0.7506911610563869,1.3321057338583566
Nunspeet,GM0302,26892,Nunspeet,62.24066390041491,2.85236145781373,5843,22.1342525948936,0.0182589590120463,0.25,1.1403783863563817,1.3160871964679914
Hardinxveld_Giessendam,GM0523,17872,Hardinxveld Giessendam,57.5757575757576,3.25436362233421,1682,9.32217480463338,0.018289641412182,0.24,0.5824231866827979,1.7169646107249241
Neerijnen,GM0304,12344,Neerijnen,37.6106194690266,7.5853572307836306,585,4.78723404255319,0.018494271685761,0.28,0.3645838447765961,2.0811188811188805
Roerdalen,GM1669,20700,Roerdalen,46.112600536193,4.5959049308961,1208,6.0180341752603,0.0185821750610272,0.24,0.5895370920479654,1.6962461115485477
Hattem,GM0244,12040,Hattem,56.108597285067894,1.5627611688819198,2149,18.174898511502,0.018690798376184,0.28,1.030128712604026,1.3160871964679914
Tynaarlo,GM1730,33280,Tynaarlo,12.2112211221122,54.395843951597996,107,0.33206095025292,0.0188064426031095,0.27,0.9593466032882754,1.3158202935089052
Westvoorne,GM0614,14257,Westvoorne,65.3846153846154,3.7838601420991997,2791,20.3381184872113,0.0189462945420097,0.33,0.8798859475205172,1.3142387275879384
Mook_en_Middelaar,GM0944,7775,Mook en Middelaar,53.1034482758621,3.89193232380911,265,3.51039872830839,0.0192078420982911,0.29,1.3237811865746367,1.316087196467991
Geertruidenberg,GM0779,21504,Geertruidenberg,0.0,0.0,0,0.0,0.0192821956368754,0.25,0.7116005944324021,1.4052826934435536
Voorst,GM0285,24199,Voorst,72.9257641921397,3.0152578173543,4840,20.4176334106729,0.0193208183927441,0.25,1.7812481714326809,1.1055620333130867
De_Fryske_Marren,GM1940,51585,De Fryske Marren,58.1275720164609,6.27753530087941,3581,7.118152182555459,0.0193209827462828,0.25,0.8248857529170687,1.312965573059377
Lingewaard,GM1705,46182,Lingewaard,24.8,3.46028242162879,2966,6.5781010889574,0.019406063563175,0.24,0.8903201573134844,1.3144625090227684
Bladel,GM1728,20063,Bladel,69.0104166666667,3.9014471626170297,1571,7.950404858299601,0.0194331983805668,0.25,1.5997011493501416,1.232987383822241
Losser,GM0168,22482,Losser,32.954545454545496,3.04705505260396,2580,11.7326057298772,0.0200090950432014,0.24,1.8963280779069644,1.0374236870437474
Leeuwarderadeel,GM0081,10108,Leeuwarderadeel,37.755102040816304,7.84359811605909,184,1.8831235288097399,0.0200593593286255,,0.9919669593094064,1.316087196467991
Bergen_NH,GM0373,29844,Bergen NH,39.032815198618295,5.25289518547586,828,2.86902286902287,0.02006237006237,0.34,2.078535721940865,0.9449697052239481
Raalte,GM0177,36904,Raalte,88.9192886456908,3.37049600762483,12568,34.6665195564627,0.0201632923263639,0.24,1.0784446093662998,1.3160871964679914
Tytsjerksteradiel,GM0737,31963,Tytsjerksteradiel,60.7535321821036,30.4716164305161,610,1.94465697526141,0.0203073195613363,0.23,0.9687758536383544,1.3159907507269246
Stein,GM0971,25059,Stein,87.5494071146245,1.34256030067531,12286,49.7973411154345,0.0205090791180285,0.23,2.08699147960958,0.941071144034217
Berg_en_Dal,GM1945,34764,Berg en Dal,79.2805755395683,0.50258751590696,21741,64.5497461476797,0.0206347792523974,0.27,1.240131967309926,1.3160871964679912
Kapelle,GM0678,12622,Kapelle,22.178988326848202,8.18554024077225,430,3.47615198059822,0.0207760711398544,0.24,1.173275786411144,1.3160871964679914
Woensdrecht,GM0873,21837,Woensdrecht,9.8876404494382,6.563181923014049,287,1.3512877254108,0.0209520222232685,0.26,1.0797599284217472,1.3160871964679914
Bellingwedde,GM0007,8919,Bellingwedde,76.24309392265191,19.1806151319778,259,3.01057770545159,0.0210391723817273,,1.0513194282541083,1.3160871964679912
Beemster,GM0370,9205,Beemster,77.38693467336681,3.0116232561986,2433,25.724254599281,0.0210403890886022,0.28,1.0348704497014434,1.3160871964679914
Hulst,GM0677,27395,Hulst,31.2611012433393,10.2963108561029,513,1.92871644484548,0.0211670050379727,0.26,0.908592245244012,1.3148420074863851
Tholen,GM0716,25527,Tholen,54.961832061068705,4.12763786668646,2111,8.55244500263339,0.0212291860794879,0.24,1.0237701548526297,1.3160871964679912
Leudal,GM1640,35878,Leudal,25.9757738896366,91.1367400687227,205,0.58884356867926,0.0213419888550583,0.24,0.9974676198278284,1.3160871964679914
Texel,GM0448,13545,Texel,74.5454545454545,4.28707765676387,2154,16.8044936807614,0.0214542050241847,0.27,1.4653540748408616,1.316087196467991
Stadskanaal,GM0037,32252,Stadskanaal,61.2184249628529,10.6975270586203,2053,6.55073388640715,0.0214741544352265,0.23,1.0562166185312738,1.3160871964679914
Hof_van_Twente,GM1735,35011,Hof van Twente,77.4149659863946,3.55972792000086,10994,32.4086902691389,0.0216667157975414,0.27,0.7091435349225186,1.4101517545517221
Zundert,GM0879,21657,Zundert,76.7590618336887,6.12462803487612,4832,22.7206470118023,0.0220529458785912,0.28,0.947843534214183,1.315607754519583
Leek,GM0022,19643,Leek,72.7058823529412,3.1101954281228297,3452,17.9212958155955,0.0220641677915065,0.25,1.298672003326813,1.3160871964679914
Steenbergen,GM0851,23970,Steenbergen,35.5212355212355,3.77647308978126,1933,8.24025918663143,0.0220820189274447,0.25,0.727867638747516,1.37387616479386
Oudewater,GM0589,10187,Oudewater,67.84140969162999,3.3074269430841103,2114,20.8707671043538,0.0224108993977687,0.28,0.977360071501444,1.3160871964679917
Súdwest_Fryslân,GM1900,84158,Súdwest Fryslân,67.4291938997821,2.74879897494417,24720,30.306373901209998,0.0225091029460443,0.25,0.8156410893373259,1.3127347201829493
Deurne,GM0762,31933,Deurne,80.7042253521127,4.44275369590596,5716,18.2707367748122,0.0226945820680837,0.25,1.127998309047654,1.3160871964679917
Oost_Gelre,GM1586,29634,Oost Gelre,74.7787610619469,3.38082255880024,6884,23.8027730714706,0.0234431727810241,0.23,0.7439947969707794,1.3440954211932141
Oud_Beijerland,GM0584,24015,Oud Beijerland,25.765765765765803,10.5490808797418,481,2.04047002927078,0.0235438849531243,0.25,1.2630935838082442,1.3160871964679914
Asten,GM0743,16714,Asten,85.8611825192802,3.6276840216158797,5148,31.2378640776699,0.0236043689320388,0.26,0.9584860569609106,1.3158045699811687
Loon_op_Zand,GM0809,23093,Loon op Zand,67.5373134328358,2.47167944743918,5876,25.8945884011987,0.0236206592631764,0.25,0.9648900756670952,1.3159209091696775
Landgraaf,GM0882,37458,Landgraaf,49.4833524684271,2.43971058220587,7680,20.903647250952602,0.0237071311921611,0.23,0.9884144283295564,1.3160871964679912
Castricum,GM0383,35216,Castricum,32.886723507917196,3.38258569227211,3544,10.2724637681159,0.0237971014492753,0.28,0.5868318055877764,1.7040657825258645
Midden_Drenthe,GM1731,33399,Midden Drenthe,78.5987261146497,5.83721605910464,6360,19.5722418833667,0.0241575627019541,0.24,1.1991157466236415,1.316087196467991
Peel_en_Maas,GM1894,43347,Peel en Maas,72.3032069970845,4.5149039771414,11157,26.1969053041865,0.0241611683768109,0.25,0.7147794830684667,1.3990328817317395
Overbetuwe,GM1734,47394,Overbetuwe,67.4624226348364,1.5573593545114,18592,40.151171579743,0.0244250080984774,0.25,0.6647177106805376,1.504398008255565
Coevorden,GM0109,35286,Coevorden,84.9347568208778,5.586422445840309,8673,25.3071109684573,0.0245980566659858,0.26,1.4425716863620297,1.3160871964679914
Wijdemeren,GM1696,23447,Wijdemeren,26.725663716814203,4.38490033091368,2067,9.02383654937571,0.024666026368637,0.33,1.5597916913316388,1.2649763618918752
Montferland,GM1955,35316,Montferland,85.1461988304094,2.23382128670845,11927,34.5159890030386,0.0247431630733613,0.24,0.7460179248162689,1.340450365514049
Nieuwkoop,GM0569,27914,Nieuwkoop,61.4814814814815,3.25956405074996,4121,15.1234907703035,0.0247715512495871,0.28,0.9407115259760176,1.3154733679721289
Echt_Susteren,GM1711,31815,Echt_Susteren,80.0514800514801,3.3275859763062297,8779,28.411922715945497,0.0251464448687659,0.24,0.7049290009617676,1.4185825787216202
Lingewaal,GM0733,11158,Lingewaal,92.057761732852,2.78491770877175,1104,10.1657458563536,0.0255064456721915,0.26,0.7335167003436085,1.3632954771603154
Steenwijkerland,GM1708,43448,Steenwijkerland,77.1507863089732,4.59603507455838,5473,12.9247845082064,0.0255283976856771,0.25,0.8657235236925711,1.313926357770101
Kaag_en_Braassem,GM1884,26374,Kaag en Braassem,66.76737160120851,2.7089074609435,6308,24.4268897149938,0.0256350681536555,0.27,0.6860629826573337,1.4575921238698686
Son_en_Breugel,GM0848,16626,Son en Breugel,55.9241706161137,5.29417521707711,1634,10.0104147521902,0.0258530907308705,0.27,0.6224048933354432,1.606671172909711
Binnenmaas,GM0585,29122,Binnenmaas,36.424731182795696,75.3276726236808,171,0.5969628207366,0.0259731192180136,0.27,0.8085719676486959,1.3125546321897918
Lisse,GM0553,22717,Lisse,81.9897084048027,2.91635671659914,9427,42.3190878075058,0.0261716645717364,0.26,1.7320705695294123,1.1374412270238683
Weststellingwerf,GM0098,25608,Weststellingwerf,85.16228748068009,4.41789564669395,7393,30.0077119779194,0.0262613142833948,0.24,0.5511192463317973,1.8144893444674899
Harlingen,GM0072,15860,Harlingen,86.6004962779156,3.5144129892780103,4847,31.6963117970181,0.02635364896678,0.27,1.2981695627902967,1.316087196467991
Heumen,GM0252,16475,Heumen,86.0788863109049,1.64714632186858,7702,47.417349011881996,0.0265345071723203,0.27,0.5748335708486764,1.7396339579186597
Aalten,GM0197,27047,Aalten,80.20086083213769,4.04836700451976,7634,29.155209288114904,0.0266193095019859,0.22,0.966943216356997,1.3159578815129913
Schagen,GM0441,46193,Schagen,70.1652892561983,2.1037833279102003,17031,37.711742432629904,0.0267930293837603,0.25,1.5664248996904315,1.2595466416427463
Brielle,GM0501,16833,Brielle,64.2201834862385,2.76675127476376,4524,27.9173094723851,0.0269052761493366,0.25,1.276593055772523,1.3160871964679917
Noordwijkerhout,GM0576,16318,Noordwijkerhout,85.7471264367816,1.17381360679338,10066,62.580043518806306,0.027043829654958,0.28,1.1921969119906015,1.3160871964679914
Vught,GM0865,26183,Vught,72.9377713458755,3.7433214879872905,5036,19.7211779448622,0.0270598370927318,0.35,0.9609798598593596,1.315850058219455
Valkenswaard,GM0858,30516,Valkenswaard,44.1140024783147,5.335455560412259,3337,11.2300185091705,0.0271580010095911,0.26,1.3309354141244296,1.3160871964679919
Medemblik,GM0420,44058,Medemblik,56.71031096563009,8.94332948041661,5547,12.8159512037337,0.0282334457742248,0.25,0.6178883883371035,1.618415265402959
Bloemendaal,GM0377,22826,Bloemendaal,44.7166921898928,5.700604679106211,1202,5.25395576536411,0.0285427047818865,0.45,2.351973028748215,0.8331037504649794
Ermelo,GM0233,26590,Ermelo,82.8877005347594,1.96169276419429,10370,39.7150626172877,0.0286469304124698,0.27,0.6784950501340387,1.4738501037000151
Waterland,GM0852,17290,Waterland,39.0143737166324,4.6112145596804,1500,8.919015340706391,0.02895706980616,0.28,0.6801886380453298,1.4701803941825864
Laren,GM0417,11088,Laren,37.9746835443038,8.576342993968,210,1.9356622730205502,0.0291271084892616,0.52,1.650339139652407,1.1946259880490788
Reimerswaal,GM0703,22356,Reimerswaal,54.945054945054906,5.33659339634555,2487,11.4266023432116,0.0292671720652423,0.26,0.835093584987984,1.3132145399779047
Geldermalsen,GM0236,26587,Geldermalsen,66.44993498049419,5.57254341775499,6566,25.3445014860848,0.0296830972324082,0.26,0.6298096985800842,1.5877812016145758
Beek,GM0888,15951,Beek,63.404255319148895,7.39057234716113,1146,7.30401529636711,0.0299553855959209,0.25,0.8792412728370675,1.3142247270976357
Moerdijk,GM1709,36944,Moerdijk,68.53725850965961,4.9072332151702795,6943,19.320458593054298,0.0302482190560997,0.25,0.5255021597142923,1.902941751074221
Zevenaar,GM0299,32379,Zevenaar,92.3399790136411,1.3082144029654699,22007,70.11278195488721,0.0303619217535363,0.23,1.1927926759081269,1.3160871964679914
Heiloo,GM0399,22857,Heiloo,65.592972181552,4.86427415194932,3612,16.1271598874849,0.0304951556011965,0.28,0.9327288082301702,1.315320514258197
Goirle,GM0785,23317,Goirle,74.9283667621777,1.58782933702113,4793,21.015477704213602,0.0306046389266453,0.26,0.7792467793719988,1.3117726728165746
Uitgeest,GM0450,13465,Uitgeest,48.5365853658537,2.6059591717696997,2716,20.2762224710713,0.0306084359835759,0.24,1.0098988763345946,1.3160871964679912
Stede_Broec,GM0532,21552,Stede Broec,79.483282674772,2.58545406430705,8614,40.5154978599313,0.0309486853863882,0.23,0.8901655968229227,1.3144592324595386
Vlagtwedde,GM0048,15908,Vlagtwedde,71.5176715176715,57.8360464425387,328,2.11517379248082,0.0310182498226607,,1.87240462331873,1.0508990573369208
Wijchen,GM0296,40876,Wijchen,90.9458367016977,2.01180271464874,21596,54.195944589439904,0.0310429632603894,0.25,0.7501247415519702,1.3331116074521825
Montfoort,GM0335,13866,Montfoort,66.2735849056604,7.20427635948523,1353,9.91790060108488,0.0310804867321507,0.26,0.7371148861425414,1.3566406252262588
Gennep,GM0907,17129,Gennep,72.0616570327553,4.8711219100077505,3675,22.153234070769802,0.0312857917897401,0.24,1.3359582074491296,1.3160871964679914
Cranendonck,GM1706,20676,Cranendonck,53.821656050955404,6.0353635902525005,1191,5.94370695678211,0.0313404531390358,0.24,1.3599456247416577,1.3160871964679914
Beuningen,GM0209,25424,Beuningen,76.0509554140127,4.7146809416036595,6701,26.9105658407293,0.0315248383599052,0.25,0.6459921261378314,1.5480064841945702
Barneveld,GM0203,56376,Barneveld,64.9829738933031,9.740717531121,8318,14.9378636592199,0.0316428417498742,0.27,0.6826358982294838,1.4649097748794728
Noordwijk,GM0575,25867,Noordwijk,41.0383189122373,6.59314864647067,2237,8.75640975457001,0.0316671233412925,0.34,1.40291276807911,1.3160871964679914
Bunnik,GM0312,15156,Bunnik,27.3885350318471,8.83019556971637,680,4.58684654300169,0.0317706576728499,0.27,1.0586741507199389,1.316087196467991
Woudenberg,GM0351,12701,Woudenberg,64.6913580246914,2.79003805384557,1411,11.0840534171249,0.0318146111547525,0.25,0.605102391958421,1.652612868978237
Waalre,GM0866,16898,Waalre,81.4885496183206,1.8053117140257198,8079,49.166260954235604,0.0318889970788704,0.32,0.6353020796057769,1.5740543469030173
Eemnes,GM0317,8999,Eemnes,57.6923076923077,2.02589633318312,2661,30.0338600451467,0.0322799097065462,0.27,0.9416926861896532,1.3154919764711503
Edam_Volendam,GM0385,35800,Edam Volendam,79.8059964726631,4.57341997400544,13294,38.0317551137176,0.0324417107709912,0.26,1.5466351454550054,1.2758836655171193
Pekela,GM0765,12517,Pekela,71.1392405063291,6.88801124744504,875,7.2052042160737795,0.032526350461133,0.22,1.2963237560578216,1.316087196467991
Lopik,GM0331,14208,Lopik,75.0,4.03464565394122,2203,15.806845088613,0.0327186625529166,0.27,0.616913891338703,1.6209717661406524
Haren,GM0017,19570,Haren,42.6517571884984,14.1353065912352,685,3.6463323751729995,0.0333226871074204,0.31,1.00772760668992,1.316087196467991
Langedijk,GM0416,27608,Langedijk,80.6311207834603,2.5760385085613398,6285,22.9078582883802,0.0334961364630412,0.26,1.311230601742641,1.3160871964679914
het_Bildt,GM0063,10493,Het Bildt,62.5,51.9670617091751,252,2.3820777011059597,0.0340296814443709,,0.8954965463693487,1.3145715912172584
Rozendaal,GM0277,1498,Rozendaal,55.1724137931034,11.5296895899393,47,2.79097387173397,0.0344418052256532,0.31,1.806523743201192,1.0898525146342308
Leusden,GM0327,29677,Leusden,91.6831683168317,2.3940068795196097,12601,43.1349056926711,0.0345736487180364,0.26,0.5773873515555683,1.7319395676158293
Wijk_bij_Duurstede,GM0352,23502,Wijk bij Duurstede,52.14646464646469,5.0974139335082995,1980,8.65535932855394,0.0346214373142157,0.26,0.6862796244053073,1.4571319975681132
Lochem,GM0262,33545,Lochem,75.0889679715302,8.30633105477688,7095,22.102115198903498,0.0350144855300457,0.3,0.7147889853099704,1.3990142833081667
Oisterwijk,GM0824,25936,Oisterwijk,93.75696767001111,3.87643631108867,10670,42.002913041766696,0.0353107900641656,0.32,1.0472759861976384,1.3160871964679914
Rijssen_Holten,GM1742,37986,Rijssen Holten,59.9850968703428,5.771216364023981,4927,13.1889605696389,0.0359236555397917,0.25,0.6070602125421605,1.6472830525531268
Emmen,GM0114,107490,Emmen,86.7989417989418,7.22755240622897,8871,8.46348328006488,0.03606354052378,0.24,1.5090752887623466,1.3080687860503204
Midden_Delfland,GM1842,19034,Midden Delfland,71.16212338593971,2.13298759909094,7981,41.4489742923916,0.036198390028564,0.28,0.938500106121069,1.3154312839257332
Borne,GM0147,22795,Borne,61.145703611457,7.672966558785981,1003,4.52883008985416,0.0362577324242561,0.24,0.8393254033246393,1.3133159774874759
Bunschoten,GM0313,21020,Bunschoten,64.5805592543276,3.9994738535511996,2617,12.6419013574223,0.0362784406550408,0.25,1.1993282425494576,1.3160871964679914
Renkum,GM0274,31391,Renkum,89.8381294964029,3.8246739667794896,8380,27.4610040634421,0.0364399003801284,0.29,0.6715270600112233,1.4891432669642333
Brunssum,GM0899,28358,Brunssum,78.2013685239492,2.74884799268214,10052,36.0493472959403,0.0366877062114474,0.22,0.6324687946781358,1.5811056741683223
Hoogeveen,GM0118,55311,Hoogeveen,93.5839598997494,2.19849981329694,25523,47.1321465504506,0.0368407445708376,0.23,1.043121146771065,1.3160871964679914
Grave,GM0786,12370,Grave,77.8781038374718,3.54485086757981,2704,22.623828647925002,0.0370649263721552,0.24,0.8531134596443688,1.3136394988510818
Heemstede,GM0397,26936,Heemstede,82.3649337410805,2.1512157598756803,14163,53.9029495718363,0.0373358705994291,0.35,1.3169107845498054,1.316087196467991
Duiven,GM0226,25398,Duiven,72.858617131063,3.61081765120851,7422,29.0933322880326,0.0379836149112147,0.24,1.12612159502805,1.3160871964679914
Kerkrade,GM0928,45937,Kerkrade,70.852534562212,2.98657108424249,7522,16.5256936968605,0.0381395961948283,0.23,1.1301072454649843,1.3160871964679914
Rhenen,GM0340,19601,Rhenen,85.12960436562071,9.1183277634843,3865,20.1469974979149,0.0382089241034195,0.27,0.8135146169786905,1.3126808767970086
Smallingerland,GM0090,55695,Smallingerland,62.7940470475276,4.87950199126636,10679,19.5926979176222,0.0382166773690487,0.24,0.4709128954596133,2.0811188811188805
Vaals,GM0981,9710,Vaals,77.74798927613939,4.94830544480854,2431,24.9871518141638,0.0383389865351012,0.28,0.7433131520379515,1.3453280051056364
Kampen,GM0166,52511,Kampen,84.90658800393311,3.09053686167347,20458,39.6849721634886,0.0394560726271071,0.24,0.972058091104959,1.3160493094436507
Teylingen,GM1525,36093,Teylingen,48.904593639576,3.33208103554093,4878,13.667694031941698,0.0396469599327542,0.3,1.1679191829909892,1.3160871964679914
Epe,GM0232,32537,Epe,77.1360759493671,6.4959408700598,5852,18.4675586972987,0.0398889169401666,0.27,0.921525557764048,1.315101527251272
Beesel,GM0889,13405,Beesel,84.05253283302059,5.1336259836461595,2321,17.470831765148702,0.0401204365826119,0.23,0.7256232394313277,1.3781256520721443
Krimpenerwaard,GM1931,55204,Krimpenerwaard,64.6090534979424,6.63168121216308,11978,22.002204261572402,0.0401726671565025,0.27,0.7073411151597854,1.4137450496909176
Katwijk,GM0537,64532,Katwijk,69.3781775518185,11.9788607811869,8109,12.8333359710067,0.0404671847057147,0.24,1.1336007328223745,1.316087196467991
Hillegom,GM0534,21316,Hillegom,66.9833729216152,4.43145484240752,4349,20.977233262589202,0.0406135442793748,0.25,1.098861235435454,1.3160871964679914
Meppel,GM0119,33025,Meppel,66.0823170731707,9.17819326640119,2916,9.04158010604322,0.040680909119097,0.24,1.0261618764228202,1.3160871964679914
Zoeterwoude,GM0638,8367,Zoeterwoude,78.61271676300579,3.2217573790620997,1827,22.4392041267502,0.0424957013018914,0.26,1.3541518539217463,1.3160871964679914
Veldhoven,GM0861,44724,Veldhoven,65.7768286171917,3.2900834126375305,9890,22.4680812394929,0.0425507746830841,0.26,0.8756675246094755,1.3141467416228434
Zeewolde,GM0050,22457,Zeewolde,66.2379421221865,3.5673006170709,5604,25.6405563689605,0.0426885065885798,0.28,0.9665326919197912,1.3159505014754207
Haaksbergen,GM0158,24272,Haaksbergen,95.0,2.67874846062712,12992,54.8000674877678,0.0430234519993251,0.24,0.5419697793410267,1.8451213298569626
Boxmeer,GM0756,28709,Boxmeer,73.4761120263591,14.2049040461065,3958,14.0404398722951,0.0430649166371053,0.24,1.373103082500427,1.3160871964679912
Haarlemmerliede_en_Spaarnwoude,GM0393,5665,Haarlemmerliede en Spaarnwoude,80.7377049180328,4.79571249512843,501,8.95122386993032,0.0435947829194211,0.27,1.013299976802252,1.3160871964679914
Brummen,GM0213,20843,Brummen,75.36557930258721,5.11389589012778,6705,32.9354553492485,0.043668336771785,0.26,0.7901164865371361,1.3120692848606177
Heerenveen,GM0074,50203,Heerenveen,79.8534798534799,5.80221990799394,14857,30.480899429649998,0.0448073530015181,0.26,0.6855914440619405,1.4585946319214185
Westland,GM1783,105632,Westland,72.48699271592089,4.57009163201095,5155,4.94252102129455,0.0460694733410675,0.27,1.0016698081659097,1.3160871964679914
Nijkerk,GM0267,41775,Nijkerk,89.0834191555098,4.2452498985932205,11429,27.8348757915246,0.0472966390647832,0.28,0.6585398929525013,1.5185108915977656
Zaltbommel,GM0297,27728,Zaltbommel,78.1972265023112,11.496866135244401,6137,22.5029334115576,0.0475946025227339,0.27,0.5018538462276673,1.9926120074934075
Wormerland,GM0880,15820,Wormerland,63.660477453580896,9.05985125212163,2444,15.5115511551155,0.0478547854785478,0.27,0.8353515905984671,1.3132207538423661
Druten,GM0225,18563,Druten,80.387685290764,7.86542144611009,4585,25.1563700208493,0.0481180730824097,0.25,0.6871426034034811,1.455301992696868
Dongen,GM0766,25509,Dongen,80.7219031993437,3.3192921527578396,5705,22.9134870270704,0.048959755803679,0.24,1.1575593615324349,1.3160871964679912
Heusden,GM0797,43517,Heusden,78.22349570200569,6.67213398456757,12371,29.1034417860588,0.0492624744159785,0.26,1.0090067274702,1.3160871964679917
Bodegraven_Reeuwijk,GM1901,33733,Bodegraven Reeuwijk,68.5434516523868,8.09933112567806,1793,5.413157020801259,0.0493312803791927,0.3,0.8257004988963726,1.312985670601782
Winterswijk,GM0294,28912,Winterswijk,87.1850251979842,4.66706334316851,11816,42.0662892947417,0.0494499626188187,0.25,1.147104233682283,1.316087196467991
Enkhuizen,GM0388,18479,Enkhuizen,81.4977973568282,7.4180584700407195,5188,28.721696285223903,0.0502685046780711,0.26,2.242781361192062,0.8745037388055432
Appingedam,GM0003,11971,Appingedam,82.8767123287671,6.8384916855973295,2678,23.208250281653502,0.0506109714879972,0.24,1.133912988727353,1.3160871964679914
Best,GM0753,29180,Best,66.2534435261708,7.49668893596114,6093,21.251438736005,0.0506435073767918,0.26,1.250827225619704,1.3160871964679914
Meierijstad,GM1948,79864,Meierijstad,66.2515566625156,14.8375826159178,9727,12.4136962875046,0.0512398381765509,0.28,0.7549922782642987,1.3245168577074264
Sittard_Geleen,GM1883,93319,Sittard Geleen,64.6542496253479,7.17548351246945,14638,16.1037646592884,0.0513872692468481,0.26,1.3529138587614546,1.3160871964679912
Utrechtse_Heuvelrug,GM1581,49035,Utrechtse Heuvelrug,70.67095218963439,9.24881494257207,9232,19.0649264827358,0.0514001321658681,0.34,0.6655405199609818,1.502538117526828
De_Ronde_Venen,GM0736,42763,De Ronde Venen,54.941995359628805,5.33813286581295,11348,27.114594284622,0.0514909681735639,0.32,1.0128877336132471,1.3160871964679914
Landsmeer,GM0415,11275,Landsmeer,56.5217391304348,5.92144210643029,1478,13.2865875584322,0.0516900395541172,0.3,2.2386290320321782,0.8761578042889652
Rheden,GM0275,43645,Rheden,66.43866849065209,7.62013479832506,6184,14.630453298003198,0.0518832213494842,0.28,1.0006972407470411,1.3160871964679914
Assen,GM0106,67551,Assen,68.36060867068619,4.2901627543183505,22898,34.619978530714704,0.0526602258810722,0.25,1.467205353649333,1.3160871964679912
Oude_IJsselstreek,GM1509,39568,Oude Ijsselstreek,86.252446183953,6.452986499775901,13217,34.3254122841189,0.0530840150629788,0.23,1.020604445905107,1.3160871964679914
Zandvoort,GM0473,16899,Zandvoort,46.8785471055619,8.95854572471861,2799,17.026583125494298,0.0535920676440172,0.32,1.4406361318912724,1.3160871964679912
Doetinchem,GM0222,57068,Doetinchem,67.32507532641449,9.50845263542782,10716,19.2477637676474,0.0536516147573373,0.25,0.4235316229667051,2.0811188811188805
Veendam,GM0047,27527,Veendam,84.1522491349481,6.2703302016619595,7886,29.4616505398438,0.0539843837561176,0.24,0.9906435954553816,1.316087196467991
Oegstgeest,GM0579,23608,Oegstgeest,61.8140243902439,3.88621524930359,5631,23.8097251585624,0.055475687103594,0.32,1.0972651138537894,1.316087196467991
Houten,GM0321,49300,Houten,78.61682242990649,2.3884858305542,17122,35.5250326783825,0.0555013797539265,0.26,1.0375947954357267,1.3160871964679914
Goes,GM0664,37274,Goes,75.4203758654797,5.75220674707135,11606,32.2406800377799,0.0561697872104005,0.26,0.4513698378074471,2.081118881118881
Alblasserdam,GM0482,20008,Alblasserdam,71.2612612612613,3.6968032984671004,5934,30.1923272616261,0.0564770530171975,0.25,0.9394730094907656,1.3154498230045757
Hendrik_Ido_Ambacht,GM0531,29731,Hendrik Ido Ambacht,72.3621103117506,3.1831858455076896,10273,34.8154675161826,0.0565289592300132,0.25,1.0115663458360575,1.3160871964679914
Aalsmeer,GM0358,31373,Aalsmeer,66.9897377423033,4.92180596375113,5227,16.999479640952302,0.05704436060882,0.3,0.9377924953483058,1.3154177759449397
Blaricum,GM0376,10201,Blaricum,79.5493934142114,3.39715902153648,4321,43.2489240316285,0.0577519767791011,0.47,0.6619252203163004,1.5107446722186393
De_Bilt,GM0310,42754,De_Bilt,78.0737704918033,7.33341750142531,12547,29.9051387167509,0.0581561635999618,0.34,1.401345021983886,1.3160871964679912
Zuidplas,GM1892,41468,Zuidplas,74.6945210878991,3.7022474674540202,21805,52.211287503292404,0.0607475516605607,0.28,1.509841619767576,1.3073961129011462
Terneuzen,GM0715,54588,Terneuzen,84.0674789128397,6.905429199948129,19636,37.2776459420978,0.0607688656858092,0.26,0.7507826192706518,1.3319434605071845
Noordoostpolder,GM0171,46544,Noordoostpolder,83.4236186348862,11.5541283565071,11218,24.8246254619487,0.0612759742415189,0.26,0.9163925095630248,1.314999404265287
Krimpen_aan_den_IJssel,GM0542,29123,Krimpen aan den IJssel,79.4698251551043,4.068855458344349,11655,40.3930131004367,0.061447286338116,0.27,0.4807047572967881,2.0802789754431283
Gooise_Meren,GM1942,56935,Gooise Meren,79.0294117647059,3.82975089284324,22104,39.9739583333333,0.0614872685185185,0.36,0.8244996600383245,1.3129560353390122
Baarn,GM0308,24529,Baarn,88.8359428182437,3.84466850813596,6911,29.096497137083198,0.0618474233748736,0.33,0.8890942600266827,1.3144364896304925
Geldrop_Mierlo,GM1771,39078,Geldrop Mierlo,77.355302070131,8.15216391284839,11851,31.0625917383099,0.0620413084504088,0.26,0.6895823638519748,1.4501530961639546
Woerden,GM0632,51513,Woerden,71.6831053133948,8.46901274136175,9658,19.1028126112584,0.0621662249297836,0.27,0.7432332888089875,1.3454725656899393
Oldenzaal,GM0173,32006,Oldenzaal,81.7902813299233,6.48391540092022,6666,21.4561606797991,0.0629264838418952,0.24,0.9233578644579202,1.3151377063554004
Uden,GM0856,41384,Uden,78.2325937260903,4.92749158882258,13053,32.1645064314228,0.0644127938494899,0.25,0.6893753289903641,1.4505886096396374
Halderberge,GM1655,29579,Halderberge,90.2881536819637,8.307781074314919,11807,40.9311516328087,0.064965679816959,0.25,0.6939013271160234,1.4411270895765211
Westervoort,GM0293,14991,Westervoort,71.0416666666667,3.35661163843261,4695,32.1157397906834,0.0656679663451672,0.23,1.240928114138452,1.3160871964679914
Voorschoten,GM0626,25315,Voorschoten,61.0837438423645,5.44168780418545,4846,19.6019739503276,0.0656904781166572,0.3,1.1398380462658313,1.3160871964679914
Oostzaan,GM0431,9652,Oostzaan,64.90683229813669,9.32957266053946,1742,17.8575089697591,0.066017426960533,0.26,1.419191040451887,1.3160871964679914
Waalwijk,GM0867,47410,Waalwijk,83.7864077669903,7.664658960954821,15910,34.0109878364223,0.0660552812159302,0.26,0.595162067794922,1.6802146072665614
Waddinxveen,GM0627,26536,Waddinxveen,52.475811041548106,10.7939949040897,3049,11.601537232221,0.0668543814923328,0.26,0.9241882722274888,1.3151540556107075
Middelburg,GM0687,48019,Middelburg,87.6928020565553,6.787466803670659,20618,44.412372910563505,0.0670342926072721,0.27,0.6351879020395571,1.5743372894682806
Dronten,GM0303,40746,Dronten,68.59351988217969,14.1151761701657,6217,15.538615346163501,0.0678830292426893,0.27,1.3595567460717537,1.316087196467991
Stichtse_Vecht,GM1904,64450,Stichtse Vecht,70.2460335709359,8.395622914705921,13312,21.1067068336769,0.0689551292214999,0.31,1.3316779879982166,1.3160871964679914
Velsen,GM0453,67619,Velsen,72.9203152364273,7.34480436546839,16285,24.6138266678758,0.0690426528823191,0.26,0.6791128002308802,1.4725094265047383
Boxtel,GM0757,30656,Boxtel,69.2124105011933,13.4028260243324,3893,12.9065411265458,0.0694559559725491,0.26,0.920092549921676,1.3150731319326725
Ede,GM0228,113421,Ede,85.0759606791778,13.110880000768098,38048,34.13295056966,0.0702700278101731,0.27,0.6481077877074443,1.5429532231626253
Apeldoorn,GM0200,160047,Apeldoorn,71.3506635157244,8.930303802205481,19238,12.345980080090401,0.0706052982852449,0.26,0.9791150755112664,1.3160871964679914
Noordenveld,GM1699,32981,Noordenveld,83.3624454148472,83.86010953960769,1835,5.67180786944024,0.0707816894878373,0.25,1.5595599540468916,1.2651668892002563
Hellevoetsluis,GM0530,38722,Hellevoetsluis,87.5137312339802,4.32558954102186,20615,54.3486857715325,0.0719991563628694,0.25,0.6679251101975721,1.497173836905458
Papendrecht,GM0590,32292,Papendrecht,77.7777777777778,5.50281013768081,9412,29.6581061919017,0.0726012289270521,0.25,0.6094041940349391,1.6409470262731183
Gilze_en_Rijen,GM0784,26220,Gilze en Rijen,45.1887293992557,19.0392051410779,1879,7.2742054121017405,0.0728194804692036,0.24,1.1585053066745576,1.3160871964679912
Etten_Leur,GM0777,43027,Etten Leur,78.4036047634374,3.8509184884608,10814,25.453689537483797,0.073131693538896,0.24,1.809661554194554,1.0879328925306615
Zutphen,GM0301,47340,Zutphen,67.1588895451861,13.429544965554,6549,14.182999458581499,0.0733297238765565,0.25,0.7002246882549468,1.428113028251165
Sliedrecht,GM0610,25012,Sliedrecht,59.023587493143204,10.5086003769239,3300,13.319878910191699,0.073582240161453,0.24,0.6324094897732366,1.5812539441154976
Heerlen,GM0917,87189,Heerlen,68.8145136065061,6.90859965283975,20948,24.2498610853862,0.0740183367290238,0.25,1.405625586395726,1.3160871964679914
Leeuwarden,GM0080,108667,Leeuwarden,73.2919254658385,7.578574602582799,32937,31.108445569429,0.0775515215625531,0.28,1.4836779751301248,1.316087196467991
Den_Helder,GM0400,56020,Den Helder,51.624293785310705,16.1756586661471,7084,13.045560016205702,0.0782291628300983,0.23,1.207043669069891,1.316087196467991
Lansingerland,GM1621,60105,Lansingerland,57.9649708090075,4.9793652126969,6517,10.9219192545543,0.0803767450434899,0.28,1.1486733616023777,1.3160871964679914
Zwolle,GM0193,125548,Zwolle,76.5203543346272,10.888369837216,53753,43.8077618946716,0.0818813059281837,0.28,1.1736327968130384,1.3160871964679912
Venray,GM0984,43565,Venray,72.1269296740995,17.4164192587293,7860,18.5137204098457,0.0823931221293133,0.25,0.6568498009813368,1.5224180604241564
Oss,GM0828,90376,Oss,86.9463869463869,7.3898442785478,38955,45.2097719491673,0.084639935008414,0.26,0.4724002575886755,2.0811188811188805
Ridderkerk,GM0597,45408,Ridderkerk,84.8177083333333,3.9003308998136603,22305,49.5820922064642,0.0853598897434757,0.25,1.0649192748460024,1.3160871964679914
Cuijk,GM1684,24696,Cuijk,69.2788461538462,21.4267242003709,4699,19.310429851237,0.0854771102161584,0.24,0.9671431364169496,1.3159614732268121
Huizen,GM0406,41382,Huizen,57.5193354339731,8.119094047804081,8339,20.4347186826113,0.0855469515781219,0.3,0.7382987358988873,1.3544652745239885
Vianen,GM0620,19714,Vianen,77.37881508078989,10.6046253146291,5261,27.2378980067305,0.0865130727413927,0.25,0.8088921691262252,1.3125628574774895
Maastricht,GM0935,122753,Maastricht,70.58205103698751,5.12556782537688,26859,22.2103696353262,0.086521127925246,0.34,1.3791688373938311,1.3160871964679912
Alphen_aan_den_Rijn,GM0484,108915,Alphen aan den Rijn,78.8246669531586,9.09084753251331,36431,34.1860050484672,0.0873441121547946,0.26,0.7645624474223663,1.3113585746652086
Heemskerk,GM0396,39171,Heemskerk,71.4998532433226,9.053389828349449,6564,16.9231959161575,0.0878387088457473,0.24,0.5631515087378492,1.7757210705893829
Wassenaar,GM0629,26055,Wassenaar,52.5925925925926,5.98772447959914,1151,4.4240304416343195,0.0882115539839335,0.49,1.0592273868416184,1.3160871964679917
Delfzijl,GM0010,24965,Delfzijl,89.7038724373576,15.8095531359472,4640,19.2451265035255,0.0910410618000829,0.24,0.943015754408353,1.3155170082186396
Leiderdorp,GM0547,27128,Leiderdorp,62.5,5.81956280020817,4807,17.742590336987398,0.0918318384822648,0.26,1.4505471373829306,1.3160871964679914
Doesburg,GM0221,11341,Doesburg,79.7892720306513,9.0215733834382,4160,36.5939479239972,0.0918367346938775,0.25,1.1452864018131663,1.3160871964679914
Weert,GM0988,49574,Weert,82.3858549686661,8.501930777176101,7391,15.2438898628442,0.0921522120243374,0.25,0.775848653121316,1.3116782396482118
Oosterhout,GM0826,54604,Oosterhout,69.2307692307692,17.1966699289745,12359,22.9226945619111,0.0925884709548186,0.27,1.1290367906766905,1.3160871964679914
Vlissingen,GM0718,44394,Vlissingen,73.9161849710983,9.72507436478733,14030,32.4048410938655,0.0958980044345898,0.26,0.8371615419128084,1.3132642374328827
Groningen,GM0014,202636,Groningen,64.7268159933012,8.71906541839857,41019,20.7258781680747,0.0965479607098104,0.37,0.5684316602351547,1.759226429411602
s_Hertogenbosch,GM0796,152410,S-Hertogenbosch,67.2496025437202,14.6295638925909,6397,4.28268248431736,0.0968540995788952,0.29,0.5544100670280778,1.8037190510636154
Uithoorn,GM0451,29201,Uithoorn,64.4428672817601,15.4146344794174,4377,15.340670124772199,0.0987662974905369,0.27,0.684661619103483,1.4605755194944776
Harderwijk,GM0243,46352,Harderwijk,76.5369305616984,10.4026782787146,10906,24.0093342726312,0.0995508982035928,0.25,0.8713317720551917,1.314051269017936
Pijnacker_Nootdorp,GM1926,52656,Pijnacker Nootdorp,81.4765610172708,4.71353176969901,6934,13.2929471081034,0.101010294653298,0.27,1.3418098612659832,1.316087196467991
Ouder_Amstel,GM0437,13419,Ouder Amstel,62.140221402214,23.1338421197582,3109,23.2535527299925,0.101346297681376,0.32,1.6719216518260416,1.1789821659475548
Heerhugowaard,GM0398,54950,Heerhugowaard,64.370717634331,7.40607583263381,12161,22.309258681734,0.101740933022693,0.23,1.2877648007104112,1.3160871964679914
Wageningen,GM0289,38458,Wageningen,76.3130525221009,5.1254918297996905,12958,34.5169281585467,0.102447990197384,0.42,0.8822720199383378,1.3142903682509866
Albrandswaard,GM0613,25105,Albrandswaard,62.012480499220004,12.2406498537098,6063,24.463363460297,0.103453841187863,0.27,0.6233011869380586,1.6043608145725803
Hoogezand_Sappemeer,GM0018,34232,Hoogezand Sappemeer,83.13113807047951,11.1670410502764,10755,32.1986707382791,0.103646488234237,,1.1389841669503198,1.3160871964679912
Breda,GM0758,182304,Breda,71.3712481943181,14.9058347273299,27897,15.5596209514142,0.104249516149723,0.31,1.1883541065722911,1.3160871964679914
Soest,GM0342,45874,Soest,68.03156323309871,19.4798239576029,9056,20.1980551342671,0.104581140155232,0.29,1.426190184928324,1.3160871964679914
Venlo,GM0983,101059,Venlo,78.0251785043217,8.6174661447122,35647,35.9475212778831,0.107337340163769,0.26,2.3551538170425776,0.8319552976768175
Veenendaal,GM0345,64273,Veenendaal,69.4428066037736,13.7892668233006,10817,17.1382850624247,0.10748463147221,0.25,1.0815043885403417,1.3160871964679914
IJsselstein,GM0353,34208,IJsselstein,80.2578565672844,7.7461082709180005,6195,18.388245770258198,0.110507569011576,0.28,1.149164115190119,1.316087196467991
Alkmaar,GM0361,108373,Alkmaar,68.9346844928894,20.031092718757098,9384,8.872584244166259,0.111030218221701,0.25,1.2325765397245805,1.316087196467991
Helmond,GM0794,90603,Helmond,73.42748397435899,11.7986599333341,33483,37.4099192205848,0.111549333541892,0.26,0.6830032351246872,1.4641219083207455
Deventer,GM0150,99295,Deventer,76.8503213957759,9.71599352216216,34072,35.1634742404227,0.112388540290621,0.26,0.6017604843201493,1.6617907391007398
Hilversum,GM0402,88888,Hilversum,78.8652056439508,6.72999376141241,29214,33.4348104742721,0.114367789782091,0.32,1.5095463472503146,1.3076552175336544
Hengelo,GM0164,80802,Hengelo,54.9331286998465,10.16036212171,20449,25.930105754355697,0.115670411605082,0.25,1.350330337885942,1.316087196467991
Nijmegen,GM0268,173557,Nijmegen,68.0144115292234,10.411460474106,45019,26.678400208596297,0.11842580905142,0.34,1.114441297162278,1.316087196467991
Zeist,GM0355,62830,Zeist,83.0366631243358,19.9775890041893,18819,30.6468423281113,0.122593883333876,0.37,1.2939734683023674,1.3160871964679912
Zwijndrecht,GM0642,44417,Zwijndrecht,74.3485492515247,14.3328911098105,10377,23.5487677574547,0.122793083102619,0.26,0.6391000774841914,1.5647001701775505
Nissewaard,GM1930,85401,Nissewaard,85.1986945670954,5.92195547870129,47672,56.703103255504196,0.123916120514315,0.24,0.5043151488893807,1.9828870939178265
Culemborg,GM0216,27864,Culemborg,68.60534124629079,11.843811352607,7360,27.1256403641322,0.124203000036855,0.26,0.7477589291399721,1.3373293999312592
Hoorn,GM0405,72493,Hoorn,69.642063139173,10.8999725761704,17737,24.7612798749162,0.125586330131785,0.26,0.8410891736312686,1.313357954032847
Roosendaal,GM1674,77163,Roosendaal,83.7254901960784,13.2061528205217,11721,15.478784517253699,0.127966403866725,0.26,0.8694738187326466,1.3140100657353433
Roermond,GM0957,57390,Roermond,81.4901528715053,18.8828187183984,17080,30.1521731455001,0.128182042862691,0.27,0.9455514312518414,1.315564786098865
Beverwijk,GM0375,40709,Beverwijk,70.0841622035195,11.0354875781306,11548,28.6160327097014,0.129550241605749,0.25,0.6073192951286507,1.6465803211277292
Haarlemmermeer,GM0394,146003,Haarlemmermeer,58.9418659908126,9.012657738625041,46514,32.0649101763384,0.130557968316995,0.27,1.0344801162741002,1.3160871964679914
Bergen_op_Zoom,GM0748,66164,Bergen op Zoom,74.0791268758527,20.0679374120829,17129,26.6292519121945,0.13674522728686,0.26,1.3691551191312743,1.3160871964679914
Haarlem,GM0392,159229,Haarlem,74.0227748082733,18.6543929769352,43070,27.426657411947502,0.137005928539134,0.29,1.675733273721473,1.1762612257702363
Barendrecht,GM0489,48344,Barendrecht,75.5986662625038,9.06529968932987,21081,43.9205800241677,0.137464061002542,0.26,0.7836489427440475,1.3118937902517258
Weesp,GM0457,18751,Weesp,80.6891025641026,12.2980781645148,7462,41.1333443580839,0.13758888705143,0.27,0.9599005558316106,1.3158304001734897
Amersfoort,GM0307,154337,Amersfoort,61.4224343675418,17.1023373162843,22695,14.9886074695374,0.138361456923026,0.28,0.9612162487173844,1.3158543578257549
Leerdam,GM0545,20905,Leerdam,69.0782608695652,22.948192486791,5001,24.4213302080281,0.140394569782205,0.25,1.123293004507548,1.3160871964679914
Almelo,GM0141,72479,Almelo,75.1675167516752,15.0395417370491,13369,18.9483381758911,0.141719226135639,0.25,1.443566617848178,1.3160871964679919
Leidschendam_Voorburg,GM1916,74604,Leidschendam Voorburg,79.808875011827,9.50298917546817,18390,24.6994829091397,0.141951514337519,0.3,0.7408112097712924,1.3498715824085947
Tilburg,GM0855,213804,Tilburg,70.41269210386861,13.465976753114,60389,28.676508996281804,0.143370673403391,0.29,0.7773645684324609,1.3117204685963972
Leiden,GM0546,123661,Leiden,60.7714660133326,14.396625981991601,16804,13.750552346038699,0.143618152954847,0.36,1.2508058488050526,1.3160871964679914
Nieuwegein,GM0356,61868,Nieuwegein,52.7424710866827,10.5601341652297,14716,24.3018743291223,0.14421600198167,0.24,1.5312843506730904,1.2888470124056477
Tiel,GM0281,41488,Tiel,68.7038280725319,14.447353860081,6721,16.519601818852202,0.146393019540371,0.26,0.7943268487981233,1.3121819958275718
Gorinchem,GM0512,35755,Gorinchem,75.9038499120578,14.489642670169701,13369,38.3604487676107,0.146825055235144,0.27,0.6796987940216647,1.4712399209702378
Gouda,GM0513,71752,Gouda,71.0017074558907,10.5184594618772,6945,9.86771998124494,0.149784743041446,0.27,0.7247863291051194,1.379716972910736
Enschede,GM0153,158140,Enschede,80.1135878384149,7.620992518632031,57096,36.8133285191107,0.15099035436117,0.3,0.9030325384307396,1.3147281618098203
Purmerend,GM0439,79928,Purmerend,56.759251489468795,6.95931629368958,17060,21.6971053568703,0.151561784605993,0.24,0.9349686272830292,1.3153636659257322
Dordrecht,GM0505,118731,Dordrecht,80.5605070310953,12.2317008877257,55766,47.4992334162379,0.172021396204559,0.27,0.6463543763857195,1.5471389017148671
Rijswijk,GM0603,51027,Rijswijk,69.6537443920396,7.541055590418851,21170,42.0423402311634,0.172637724907654,0.28,1.1889823155555894,1.3160871964679912
Maassluis,GM0556,32450,Maassluis,85.8451589725166,7.2441900004081,15985,49.967178268888105,0.174017692476009,0.25,0.8698597161113398,1.3140186381501544
Eindhoven,GM0772,226868,Eindhoven,60.017594018033904,10.935384209141,38839,17.358832941513,0.18290262892081,0.33,0.8139882460971485,1.3126928936840216
Delft,GM0503,101381,Delft,57.5180670909287,16.2763701572559,25549,25.3956105125045,0.184306787006481,0.38,1.2418257794536682,1.316087196467991
Arnhem,GM0202,155699,Arnhem,70.1280781205774,16.7011753662131,17064,11.1389628701238,0.184500496109457,0.29,1.2465874126374654,1.3160871964679914
Zoetermeer,GM0637,124763,Zoetermeer,57.77777777777779,10.9194191598111,21131,17.1689267694208,0.18537175914265,0.25,0.6879260184950093,1.45364468433353
Vlaardingen,GM0622,71999,Vlaardingen,72.5097836520712,12.3371318288886,8696,12.2632595789088,0.190985883713387,0.26,0.8995634482006524,1.3146564125420055
Lelystad,GM0995,76937,Lelystad,67.1490691670064,12.2020482750992,28727,38.0318796833214,0.194852649138136,0.26,1.4536525872140569,1.3160871964679912
Zaanstad,GM0479,153679,Zaanstad,71.3816680205795,17.9201137444598,39002,25.838036939873298,0.195723030447571,0.25,0.916819706658608,1.3150079470585883
Amstelveen,GM0362,89294,Amstelveen,60.655562673499894,7.705872729885909,37057,41.7609538406058,0.211098088712586,0.35,1.255332947766649,1.3160871964679914
Utrecht,GM0344,343038,Utrecht,74.1145430434302,16.4723616105314,78146,23.124291662104703,0.214216175108526,0.35,0.8376556997810131,1.3132760767860316
Capelle_aan_den_IJssel,GM0502,66421,Capelle aan den IJssel,63.166343388402105,14.6813008605187,4291,6.37375042704574,0.222078635830251,0.27,1.1650508474073125,1.3160871964679914
Diemen,GM0384,27272,Diemen,28.5465971386549,17.3151989072631,1959,7.18819946427916,0.274428503284042,0.33,0.7436730970050047,1.3446768533476614
Schiedam,GM0606,77838,Schiedam,73.36485059898101,18.0295726725253,22789,29.550435041948198,0.282511443353778,0.27,1.6200627427843914,1.2172739512656965
Almere,GM0034,200914,Almere,75.2834203264736,8.88401881631976,32848,16.588809825617503,0.303808335816335,0.26,0.8422380548370789,1.3133852020748051
Amsterdam,GM0363,844947,Amsterdam,74.9424343512103,19.4510292453944,207731,24.8631355191754,0.349821304180261,0.37,0.7407104645826929,1.3500551805534267
s_Gravenhage,GM0518,524882,S-Gravenhage,71.93804113144179,27.8149686338484,212933,40.8788453563914,0.352114082105942,0.33,0.8147820645999332,1.312713003064936
Rotterdam,GM0599,634660,Rotterdam,69.387020870982,20.2135932783454,193695,30.932749476589,0.386180673000299,0.31,0.4081119144882874,2.0811188811188805
